SourceFile	FileName	CreateDate	track_seg_point_id	time	coords.x1	coords.x2	ele	dist
../photo/technical/20190714_d01_0816__mg_4921.jpg	20190714_d01_0816__mg_4921.jpg	2019-07-14T08:16:19Z	0	2019-07-14T09:13:28Z	8.194934	46.133068	1230.71	3429
../photo/technical/20190714_d01_0816__mg_4922.jpg	20190714_d01_0816__mg_4922.jpg	2019-07-14T08:16:29Z	0	2019-07-14T09:13:28Z	8.194934	46.133068	1230.71	3419
../photo/technical/20190714_d01_1033__mg_4930.jpg	20190714_d01_1033__mg_4930.jpg	2019-07-14T10:33:31Z	4	2019-07-14T10:11:50Z	8.195008	46.13351	1225.03	1301
../photo/technical/20190714_d01_1055_img_7267.jpg	20190714_d01_1055_img_7267.jpg	2019-07-14T10:55:08Z	5	2019-07-14T10:56:53Z	8.195015	46.133484	1227.25	105
../photo/technical/20190714_d01_1114__mg_4938.jpg	20190714_d01_1114__mg_4938.jpg	2019-07-14T11:14:03Z	46	2019-07-14T11:14:00Z	8.192126	46.130945	1252.92	3
../photo/technical/20190714_d01_1330_img_7310.jpg	20190714_d01_1330_img_7310.jpg	2019-07-14T13:30:22Z	198	2019-07-14T13:29:23Z	8.163284	46.126416999999996	1756.31	59
../photo/technical/20190714_d01_1342__mg_4957.jpg	20190714_d01_1342__mg_4957.jpg	2019-07-14T13:42:12Z	204	2019-07-14T13:41:23Z	8.160224	46.125063	1836.21	49
../photo/technical/20190714_d01_1343__mg_4966.jpg	20190714_d01_1343__mg_4966.jpg	2019-07-14T13:43:51Z	205	2019-07-14T13:43:23Z	8.160243	46.125082	1837.14	28
../photo/technical/20190714_d01_1343_img_7330.jpg	20190714_d01_1343_img_7330.jpg	2019-07-14T13:43:51Z	205	2019-07-14T13:43:23Z	8.160243	46.125082	1837.14	28
../photo/technical/20190714_d01_1549__mg_4976.jpg	20190714_d01_1549__mg_4976.jpg	2019-07-14T15:49:11Z	236	2019-07-14T15:37:23Z	8.14623	46.127554	2029.73	708
../photo/technical/20190714_d01_1629__mg_4980.jpg	20190714_d01_1629__mg_4980.jpg	2019-07-14T16:29:49Z	238	2019-07-14T16:27:23Z	8.146262	46.127543	2026.13	146
../photo/technical/20190714_d01_1647_img_7359.jpg	20190714_d01_1647_img_7359.jpg	2019-07-14T16:47:00Z	244	2019-07-14T16:47:23Z	8.142313	46.126872	2128.65	23
../photo/technical/20190714_d01_1701_img_7361.jpg	20190714_d01_1701_img_7361.jpg	2019-07-14T17:01:31Z	247	2019-07-14T17:01:23Z	8.142043	46.126834	2141.84	8
../photo/technical/20190714_d01_1703_img_7366.jpg	20190714_d01_1703_img_7366.jpg	2019-07-14T17:03:10Z	247	2019-07-14T17:01:23Z	8.142043	46.126834	2141.84	107
../photo/technical/20190714_d01_1708__mg_5010.jpg	20190714_d01_1708__mg_5010.jpg	2019-07-14T17:08:52Z	250	2019-07-14T17:09:23Z	8.141346	46.127156	2176.03	31
../photo/technical/20190714_d01_1716__mg_5019.jpg	20190714_d01_1716__mg_5019.jpg	2019-07-14T17:16:42Z	254	2019-07-14T17:17:23Z	8.136981	46.128422	2206.11	41
../photo/technical/20190714_d01_1716__mg_5020.jpg	20190714_d01_1716__mg_5020.jpg	2019-07-14T17:16:45Z	254	2019-07-14T17:17:23Z	8.136981	46.128422	2206.11	38
../photo/technical/20190714_d01_1716__mg_5021.jpg	20190714_d01_1716__mg_5021.jpg	2019-07-14T17:16:46Z	254	2019-07-14T17:17:23Z	8.136981	46.128422	2206.11	37
../photo/technical/20190714_d01_1751__mg_5047.jpg	20190714_d01_1751__mg_5047.jpg	2019-07-14T17:51:46Z	262	2019-07-14T17:51:23Z	8.132157	46.12942	2248.4	23
../photo/technical/20190714_d01_2036__mg_5060.jpg	20190714_d01_2036__mg_5060.jpg	2019-07-14T20:36:02Z	271	2019-07-14T18:15:03Z	8.12991	46.130466	2290.07	8459
../photo/technical/20190715_d02_1114__mg_5094.jpg	20190715_d02_1114__mg_5094.jpg	2019-07-15T11:14:53Z	272	2019-07-15T11:36:28Z	8.12984	46.13046	2270.74	1295
../photo/technical/20190715_d02_1125__mg_5103.jpg	20190715_d02_1125__mg_5103.jpg	2019-07-15T11:25:45Z	272	2019-07-15T11:36:28Z	8.12984	46.13046	2270.74	643
../photo/technical/20190715_d02_1200__mg_5112.jpg	20190715_d02_1200__mg_5112.jpg	2019-07-15T12:00:14Z	276	2019-07-15T12:00:28Z	8.129865	46.129063	2280.73	14
../photo/technical/20190715_d02_1200__mg_5117.jpg	20190715_d02_1200__mg_5117.jpg	2019-07-15T12:00:33Z	276	2019-07-15T12:00:28Z	8.129865	46.129063	2280.73	5
../photo/technical/20190715_d02_1200__mg_5118.jpg	20190715_d02_1200__mg_5118.jpg	2019-07-15T12:00:35Z	276	2019-07-15T12:00:28Z	8.129865	46.129063	2280.73	7
../photo/technical/20190715_d02_1212_img_7450.jpg	20190715_d02_1212_img_7450.jpg	2019-07-15T12:12:43Z	282	2019-07-15T12:12:28Z	8.125221	46.126454	2329.47	15
../photo/technical/20190715_d02_1215_img_7460.jpg	20190715_d02_1215_img_7460.jpg	2019-07-15T12:15:58Z	284	2019-07-15T12:16:28Z	8.124614	46.126009	2352.43	30
../photo/technical/20190715_d02_1219__mg_5127.jpg	20190715_d02_1219__mg_5127.jpg	2019-07-15T12:19:21Z	285	2019-07-15T12:18:28Z	8.124639	46.126006	2352.5	53
../photo/technical/20190715_d02_1219__mg_5128.jpg	20190715_d02_1219__mg_5128.jpg	2019-07-15T12:19:24Z	285	2019-07-15T12:18:28Z	8.124639	46.126006	2352.5	56
../photo/technical/20190715_d02_1219__mg_5132.jpg	20190715_d02_1219__mg_5132.jpg	2019-07-15T12:19:39Z	285	2019-07-15T12:18:28Z	8.124639	46.126006	2352.5	71
../photo/technical/20190715_d02_1316_img_7481_1.jpg	20190715_d02_1316_img_7481_1.jpg	2019-07-15T13:16:02Z	309	2019-07-15T13:14:28Z	8.114969	46.123353	2351.98	94
../photo/technical/20190715_d02_1318__mg_5145.jpg	20190715_d02_1318__mg_5145.jpg	2019-07-15T13:18:44Z	310	2019-07-15T13:18:28Z	8.114887	46.122856	2374.16	16
../photo/technical/20190715_d02_1319__mg_5157.jpg	20190715_d02_1319__mg_5157.jpg	2019-07-15T13:19:55Z	311	2019-07-15T13:20:28Z	8.114893	46.122853	2375.25	33
../photo/technical/20190715_d02_1320__mg_5159.jpg	20190715_d02_1320__mg_5159.jpg	2019-07-15T13:20:00Z	311	2019-07-15T13:20:28Z	8.114893	46.122853	2375.25	28
../photo/technical/20190715_d02_1335_img_7499.jpg	20190715_d02_1335_img_7499.jpg	2019-07-15T13:35:16Z	315	2019-07-15T13:34:28Z	8.1149	46.122848	2380.5	48
../photo/technical/20190715_d02_1344__mg_5167.jpg	20190715_d02_1344__mg_5167.jpg	2019-07-15T13:44:04Z	319	2019-07-15T13:44:28Z	8.111805	46.123391	2266.26	24
../photo/technical/20190715_d02_1407__mg_5194.jpg	20190715_d02_1407__mg_5194.jpg	2019-07-15T14:07:44Z	326	2019-07-15T14:08:28Z	8.108326	46.122159	2254.8	44
../photo/technical/20190715_d02_1556_img_7545.jpg	20190715_d02_1556_img_7545.jpg	2019-07-15T15:56:13Z	329	2019-07-15T15:56:10Z	8.108192	46.12206	2251.21	3
../photo/technical/20190715_d02_1602_img_7546.jpg	20190715_d02_1602_img_7546.jpg	2019-07-15T16:02:29Z	331	2019-07-15T16:04:10Z	8.103122	46.121135	2201.25	101
../photo/technical/20190715_d02_1606_img_7562_1.jpg	20190715_d02_1606_img_7562_1.jpg	2019-07-15T16:06:59Z	332	2019-07-15T16:06:10Z	8.102093	46.120767	2210.31	49
../photo/technical/20190715_d02_1610__mg_5212.jpg	20190715_d02_1610__mg_5212.jpg	2019-07-15T16:10:25Z	334	2019-07-15T16:10:10Z	8.098825	46.120105	2205.21	15
../photo/technical/20190715_d02_1610__mg_5216.jpg	20190715_d02_1610__mg_5216.jpg	2019-07-15T16:10:54Z	334	2019-07-15T16:10:10Z	8.098825	46.120105	2205.21	44
../photo/technical/20190715_d02_1618_img_7591.jpg	20190715_d02_1618_img_7591.jpg	2019-07-15T16:18:48Z	338	2019-07-15T16:18:10Z	8.097423	46.119919	2192.66	38
../photo/technical/20190715_d02_1744_img_7619.jpg	20190715_d02_1744_img_7619.jpg	2019-07-15T17:44:17Z	366	2019-07-15T17:44:10Z	8.084705	46.120079	1821.12	7
../photo/technical/20190715_d02_1757_img_7630.jpg	20190715_d02_1757_img_7630.jpg	2019-07-15T17:57:36Z	372	2019-07-15T17:58:10Z	8.084135	46.119865	1826	34
../photo/technical/20190715_d02_1841_img_7660.jpg	20190715_d02_1841_img_7660.jpg	2019-07-15T18:41:32Z	393	2019-07-15T18:42:10Z	8.0778199999999991	46.114644	1975.59	38
../photo/technical/20190715_d02_1917_img_7665.jpg	20190715_d02_1917_img_7665.jpg	2019-07-15T19:17:37Z	409	2019-07-15T19:18:10Z	8.072663	46.115532	2112.27	33
../photo/technical/20190715_d02_2013_img_7699.jpg	20190715_d02_2013_img_7699.jpg	2019-07-15T20:13:34Z	420	2019-07-15T19:38:41Z	8.075322	46.116775	2177.24	2093
../photo/technical/20190716_d03_0701__mg_5242.jpg	20190716_d03_0701__mg_5242.jpg	2019-07-16T07:01:42Z	421	2019-07-16T07:41:58Z	8.075355	46.116745	2184.69	2416
../photo/technical/20190716_d03_0701__mg_5244.jpg	20190716_d03_0701__mg_5244.jpg	2019-07-16T07:01:56Z	421	2019-07-16T07:41:58Z	8.075355	46.116745	2184.69	2402
../photo/technical/20190716_d03_0702__mg_5249.jpg	20190716_d03_0702__mg_5249.jpg	2019-07-16T07:02:38Z	421	2019-07-16T07:41:58Z	8.075355	46.116745	2184.69	2360
../photo/technical/20190716_d03_0710__mg_5256.jpg	20190716_d03_0710__mg_5256.jpg	2019-07-16T07:10:20Z	421	2019-07-16T07:41:58Z	8.075355	46.116745	2184.69	1898
../photo/technical/20190716_d03_0757__mg_5276.jpg	20190716_d03_0757__mg_5276.jpg	2019-07-16T07:57:15Z	429	2019-07-16T07:56:44Z	8.072735	46.117562	2275.78	31
../photo/technical/20190716_d03_0832__mg_5292.jpg	20190716_d03_0832__mg_5292.jpg	2019-07-16T08:32:02Z	439	2019-07-16T08:34:44Z	8.068667	46.118773	2443.07	162
../photo/technical/20190716_d03_0855__mg_5296.jpg	20190716_d03_0855__mg_5296.jpg	2019-07-16T08:55:38Z	449	2019-07-16T08:54:44Z	8.066264	46.118601	2475.63	54
../photo/technical/20190716_d03_0923__mg_5299.jpg	20190716_d03_0923__mg_5299.jpg	2019-07-16T09:23:31Z	458	2019-07-16T09:20:44Z	8.063147	46.118256	2488.5	167
../photo/technical/20190716_d03_0923_img_7789.jpg	20190716_d03_0923_img_7789.jpg	2019-07-16T09:23:03Z	458	2019-07-16T09:20:44Z	8.063147	46.118256	2488.5	139
../photo/technical/20190716_d03_0936_img_7819.jpg	20190716_d03_0936_img_7819.jpg	2019-07-16T09:36:38Z	461	2019-07-16T09:36:44Z	8.062392	46.117863	2519.43	6
../photo/technical/20190716_d03_0942__mg_5308.jpg	20190716_d03_0942__mg_5308.jpg	2019-07-16T09:42:07Z	462	2019-07-16T09:40:44Z	8.062389	46.117862	2519.42	83
../photo/technical/20190716_d03_0947_img_7823.jpg	20190716_d03_0947_img_7823.jpg	2019-07-16T09:47:33Z	464	2019-07-16T09:48:44Z	8.062373	46.117872	2521.55	71
../photo/technical/20190716_d03_0949_img_7831.jpg	20190716_d03_0949_img_7831.jpg	2019-07-16T09:49:32Z	464	2019-07-16T09:48:44Z	8.062373	46.117872	2521.55	48
../photo/technical/20190716_d03_0955_img_7846.jpg	20190716_d03_0955_img_7846.jpg	2019-07-16T09:55:58Z	468	2019-07-16T09:56:44Z	8.060171	46.118079	2551.97	46
../photo/technical/20190716_d03_1024__mg_5316.jpg	20190716_d03_1024__mg_5316.jpg	2019-07-16T10:24:31Z	481	2019-07-16T10:24:44Z	8.054971	46.119152	2629.89	13
../photo/technical/20190716_d03_1125__mg_5326.jpg	20190716_d03_1125__mg_5326.jpg	2019-07-16T11:25:51Z	510	2019-07-16T11:26:44Z	8.039788	46.114565	2791.26	53
../photo/technical/20190716_d03_1126__mg_5329.jpg	20190716_d03_1126__mg_5329.jpg	2019-07-16T11:26:00Z	510	2019-07-16T11:26:44Z	8.039788	46.114565	2791.26	44
../photo/technical/20190716_d03_1233_img_7868.jpg	20190716_d03_1233_img_7868.jpg	2019-07-16T12:33:45Z	540	2019-07-16T12:34:44Z	8.032	46.112787	2921.66	59
../photo/technical/20190716_d03_1240__mg_5340.jpg	20190716_d03_1240__mg_5340.jpg	2019-07-16T12:40:37Z	543	2019-07-16T12:40:44Z	8.031221	46.112696	2941.6	7
../photo/technical/20190716_d03_1305_img_7871.jpg	20190716_d03_1305_img_7871.jpg	2019-07-16T13:05:33Z	553	2019-07-16T13:06:44Z	8.029076	46.112972	2993.73	71
../photo/technical/20190716_d03_1305_img_7879.jpg	20190716_d03_1305_img_7879.jpg	2019-07-16T13:05:54Z	553	2019-07-16T13:06:44Z	8.029076	46.112972	2993.73	50
../photo/technical/20190716_d03_1311_img_7894.jpg	20190716_d03_1311_img_7894.jpg	2019-07-16T13:11:21Z	555	2019-07-16T13:10:44Z	8.028413	46.112927	3009.65	37
../photo/technical/20190716_d03_1314__mg_5344.jpg	20190716_d03_1314__mg_5344.jpg	2019-07-16T13:14:11Z	557	2019-07-16T13:14:44Z	8.027854	46.112912	3026.37	33
../photo/technical/20190716_d03_1459__mg_5359.jpg	20190716_d03_1459__mg_5359.jpg	2019-07-16T14:59:47Z	576	2019-07-16T15:00:44Z	8.025234	46.113745	3098.89	57
../photo/technical/20190716_d03_1459__mg_5360.jpg	20190716_d03_1459__mg_5360.jpg	2019-07-16T14:59:53Z	576	2019-07-16T15:00:44Z	8.025234	46.113745	3098.89	51
../photo/technical/20190716_d03_1514__mg_5377.jpg	20190716_d03_1514__mg_5377.jpg	2019-07-16T15:14:46Z	583	2019-07-16T15:14:44Z	8.023665	46.115479	3148.24	2
../photo/technical/20190716_d03_1525__mg_5383.jpg	20190716_d03_1525__mg_5383.jpg	2019-07-16T15:25:36Z	587	2019-07-16T15:26:44Z	8.02317	46.116258	3176.36	68
../photo/technical/20190716_d03_1541_img_7906.jpg	20190716_d03_1541_img_7906.jpg	2019-07-16T15:41:31Z	588	2019-07-16T15:32:44Z	8.023196	46.116257	3178.12	527
../photo/technical/20190716_d03_1618__mg_5406.jpg	20190716_d03_1618__mg_5406.jpg	2019-07-16T16:18:06Z	598	2019-07-16T16:18:44Z	8.020858	46.115063	3242.96	38
../photo/technical/20190716_d03_1622__mg_5409.jpg	20190716_d03_1622__mg_5409.jpg	2019-07-16T16:22:05Z	600	2019-07-16T16:22:44Z	8.020368	46.114915	3259.52	39
../photo/technical/20190716_d03_1623_img_7931_1.jpg	20190716_d03_1623_img_7931_1.jpg	2019-07-16T16:23:10Z	600	2019-07-16T16:22:44Z	8.020368	46.114915	3259.52	26
../photo/technical/20190716_d03_1624__mg_5414.jpg	20190716_d03_1624__mg_5414.jpg	2019-07-16T16:24:21Z	601	2019-07-16T16:24:44Z	8.020488	46.114714	3268.71	23
../photo/technical/20190716_d03_1624__mg_5418.jpg	20190716_d03_1624__mg_5418.jpg	2019-07-16T16:24:28Z	601	2019-07-16T16:24:44Z	8.020488	46.114714	3268.71	16
../photo/technical/20190716_d03_1624__mg_5419.jpg	20190716_d03_1624__mg_5419.jpg	2019-07-16T16:24:32Z	601	2019-07-16T16:24:44Z	8.020488	46.114714	3268.71	12
../photo/technical/20190716_d03_1625_img_7941.jpg	20190716_d03_1625_img_7941.jpg	2019-07-16T16:25:00Z	601	2019-07-16T16:24:44Z	8.020488	46.114714	3268.71	16
../photo/technical/20190716_d03_1631__mg_5427.jpg	20190716_d03_1631__mg_5427.jpg	2019-07-16T16:31:21Z	603	2019-07-16T16:30:44Z	8.020584	46.114694	3268.55	37
../photo/technical/20190716_d03_1632_img_7955.jpg	20190716_d03_1632_img_7955.jpg	2019-07-16T16:32:24Z	603	2019-07-16T16:30:44Z	8.020584	46.114694	3268.55	100
../photo/technical/20190716_d03_1647_img_7983_1.jpg	20190716_d03_1647_img_7983_1.jpg	2019-07-16T16:47:43Z	608	2019-07-16T16:46:44Z	8.021116	46.114359	3265.7	59
../photo/technical/20190716_d03_1650_img_7997.jpg	20190716_d03_1650_img_7997.jpg	2019-07-16T16:50:31Z	610	2019-07-16T16:50:44Z	8.021798	46.113807	3259.01	13
../photo/technical/20190716_d03_1659__mg_5434.jpg	20190716_d03_1659__mg_5434.jpg	2019-07-16T16:59:21Z	614	2019-07-16T16:58:44Z	8.021405	46.113304	3218.49	37
../photo/technical/20190716_d03_1731_img_8010.jpg	20190716_d03_1731_img_8010.jpg	2019-07-16T17:31:25Z	625	2019-07-16T17:30:44Z	8.018156	46.111681	3134.16	41
../photo/technical/20190716_d03_1757__mg_5441.jpg	20190716_d03_1757__mg_5441.jpg	2019-07-16T17:57:13Z	638	2019-07-16T17:56:44Z	8.008241	46.107542	2907.85	29
../photo/technical/20190716_d03_1757__mg_5442.jpg	20190716_d03_1757__mg_5442.jpg	2019-07-16T17:57:18Z	638	2019-07-16T17:56:44Z	8.008241	46.107542	2907.85	34
../photo/technical/20190716_d03_1845_img_8016.jpg	20190716_d03_1845_img_8016.jpg	2019-07-16T18:45:25Z	655	2019-07-16T18:44:44Z	8.001632	46.103252	2691.44	41
../photo/technical/20190716_d03_1933__mg_5470.jpg	20190716_d03_1933__mg_5470.jpg	2019-07-16T19:33:21Z	676	2019-07-16T19:34:44Z	7.991074	46.102322	2363.4	83
../photo/technical/20190717_d04_0843__mg_5475.jpg	20190717_d04_0843__mg_5475.jpg	2019-07-17T08:43:17Z	686	2019-07-17T08:27:16Z	7.984564	46.100936	2199.38	961
../photo/technical/20190717_d04_0844__mg_5482.jpg	20190717_d04_0844__mg_5482.jpg	2019-07-17T08:44:53Z	686	2019-07-17T08:27:16Z	7.984564	46.100936	2199.38	1057
../photo/technical/20190717_d04_0845__mg_5484.jpg	20190717_d04_0845__mg_5484.jpg	2019-07-17T08:45:37Z	686	2019-07-17T08:27:16Z	7.984564	46.100936	2199.38	1101
../photo/technical/20190717_d04_0845__mg_5486.jpg	20190717_d04_0845__mg_5486.jpg	2019-07-17T08:45:48Z	686	2019-07-17T08:27:16Z	7.984564	46.100936	2199.38	1112
../photo/technical/20190717_d04_0920__mg_5488.jpg	20190717_d04_0920__mg_5488.jpg	2019-07-17T09:20:47Z	687	2019-07-17T09:25:28Z	7.984567	46.100979	2195.38	281
../photo/technical/20190717_d04_0954__mg_5507.jpg	20190717_d04_0954__mg_5507.jpg	2019-07-17T09:54:33Z	700	2019-07-17T09:54:12Z	7.968331	46.100521	2065.1	21
../photo/technical/20190717_d04_1013__mg_5527.jpg	20190717_d04_1013__mg_5527.jpg	2019-07-17T10:13:08Z	706	2019-07-17T10:12:12Z	7.965973	46.100296	2042.67	56
../photo/technical/20190717_d04_1019__mg_5533.jpg	20190717_d04_1019__mg_5533.jpg	2019-07-17T10:19:28Z	710	2019-07-17T10:20:12Z	7.963098	46.099883	1970.46	44
../photo/technical/20190717_d04_1019__mg_5537.jpg	20190717_d04_1019__mg_5537.jpg	2019-07-17T10:19:38Z	710	2019-07-17T10:20:12Z	7.963098	46.099883	1970.46	34
../photo/technical/20190717_d04_1025__mg_5545.jpg	20190717_d04_1025__mg_5545.jpg	2019-07-17T10:25:03Z	712	2019-07-17T10:24:12Z	7.961338	46.100568	1951.1	51
../photo/technical/20190717_d04_1034__mg_5549.jpg	20190717_d04_1034__mg_5549.jpg	2019-07-17T10:34:55Z	717	2019-07-17T10:34:12Z	7.958599	46.100685	1847.19	43
../photo/technical/20190717_d04_1135_img_8096.jpg	20190717_d04_1135_img_8096.jpg	2019-07-17T11:35:30Z	740	2019-07-17T11:36:12Z	7.944134	46.113378	1619.29	42
../photo/technical/20190717_d04_1603__mg_5557.jpg	20190717_d04_1603__mg_5557.jpg	2019-07-17T16:03:19Z	759	2019-07-17T15:46:12Z	7.937167	46.115893	1572.95	1027
../photo/technical/20190717_d04_1802__mg_5567.jpg	20190717_d04_1802__mg_5567.jpg	2019-07-17T18:02:55Z	759	2019-07-17T15:46:12Z	7.937167	46.115893	1572.95	8203
../photo/technical/20190717_d04_1818__mg_5571.jpg	20190717_d04_1818__mg_5571.jpg	2019-07-17T18:18:27Z	759	2019-07-17T15:46:12Z	7.937167	46.115893	1572.95	9135
../photo/technical/20190717_d04_1840_img_8120.jpg	20190717_d04_1840_img_8120.jpg	2019-07-17T18:40:09Z	759	2019-07-17T15:46:12Z	7.937167	46.115893	1572.95	10437
../photo/technical/20190718_d05_0731__mg_5600.jpg	20190718_d05_0731__mg_5600.jpg	2019-07-18T07:31:14Z	765	2019-07-18T07:31:43Z	7.938927	46.114752	1593.15	29
../photo/technical/20190718_d05_0731__mg_5602.jpg	20190718_d05_0731__mg_5602.jpg	2019-07-18T07:31:47Z	765	2019-07-18T07:31:43Z	7.938927	46.114752	1593.15	4
../photo/technical/20190718_d05_0809__mg_5609.jpg	20190718_d05_0809__mg_5609.jpg	2019-07-18T08:09:27Z	779	2019-07-18T08:08:51Z	7.93338	46.109846	1759.32	36
../photo/technical/20190718_d05_0822__mg_5615.jpg	20190718_d05_0822__mg_5615.jpg	2019-07-18T08:22:07Z	785	2019-07-18T08:20:51Z	7.929145	46.108424	1791.1	76
../photo/technical/20190718_d05_0836__mg_5618.jpg	20190718_d05_0836__mg_5618.jpg	2019-07-18T08:36:37Z	792	2019-07-18T08:36:51Z	7.928514	46.108401	1794.56	14
../photo/technical/20190718_d05_0851__mg_5627.jpg	20190718_d05_0851__mg_5627.jpg	2019-07-18T08:51:07Z	799	2019-07-18T08:52:51Z	7.918492	46.106193	1861.7	104
../photo/technical/20190718_d05_0921__mg_5633.jpg	20190718_d05_0921__mg_5633.jpg	2019-07-18T09:21:00Z	809	2019-07-18T09:20:51Z	7.914679	46.1062	1909.35	9
../photo/technical/20190718_d05_0947_img_8158.jpg	20190718_d05_0947_img_8158.jpg	2019-07-18T09:47:31Z	819	2019-07-18T09:46:51Z	7.913101	46.107063	2010.2	40
../photo/technical/20190718_d05_0952__mg_5643.jpg	20190718_d05_0952__mg_5643.jpg	2019-07-18T09:52:55Z	821	2019-07-18T09:50:51Z	7.912479	46.1071	2038.15	124
../photo/technical/20190718_d05_1010__mg_5646.jpg	20190718_d05_1010__mg_5646.jpg	2019-07-18T10:10:10Z	824	2019-07-18T10:12:51Z	7.910689	46.107211	2118.53	161
../photo/technical/20190718_d05_1023__mg_5652.jpg	20190718_d05_1023__mg_5652.jpg	2019-07-18T10:23:53Z	828	2019-07-18T10:24:51Z	7.90906	46.107436	2196.35	58
../photo/technical/20190718_d05_1114_img_8163.jpg	20190718_d05_1114_img_8163.jpg	2019-07-18T11:14:01Z	845	2019-07-18T11:12:51Z	7.905212	46.106567	2391.89	70
../photo/technical/20190718_d05_1121__mg_5661.jpg	20190718_d05_1121__mg_5661.jpg	2019-07-18T11:21:38Z	847	2019-07-18T11:22:51Z	7.903766	46.106513	2463.8	73
../photo/technical/20190718_d05_1232_img_8182_1.jpg	20190718_d05_1232_img_8182_1.jpg	2019-07-18T12:32:46Z	869	2019-07-18T12:30:51Z	7.898644	46.108283	2693.62	115
../photo/technical/20190718_d05_1232_img_8182.jpg	20190718_d05_1232_img_8182.jpg	2019-07-18T12:32:46Z	869	2019-07-18T12:30:51Z	7.898644	46.108283	2693.62	115
../photo/technical/20190718_d05_1235_img_8204_1.jpg	20190718_d05_1235_img_8204_1.jpg	2019-07-18T12:35:07Z	870	2019-07-18T12:34:51Z	7.897883	46.108287	2718.67	16
../photo/technical/20190718_d05_1236__mg_5685.jpg	20190718_d05_1236__mg_5685.jpg	2019-07-18T12:36:19Z	871	2019-07-18T12:36:51Z	7.89766	46.108432	2730.55	32
../photo/technical/20190718_d05_1236__mg_5686.jpg	20190718_d05_1236__mg_5686.jpg	2019-07-18T12:36:22Z	871	2019-07-18T12:36:51Z	7.89766	46.108432	2730.55	29
../photo/technical/20190718_d05_1404_img_8220_1_1.jpg	20190718_d05_1404_img_8220_1_1.jpg	2019-07-18T14:04:43Z	886	2019-07-18T14:02:51Z	7.896313	46.108901	2862.67	112
../photo/technical/20190718_d05_1404_img_8220_1.jpg	20190718_d05_1404_img_8220_1.jpg	2019-07-18T14:04:43Z	886	2019-07-18T14:02:51Z	7.896313	46.108901	2862.67	112
../photo/technical/20190718_d05_1410_img_8223.jpg	20190718_d05_1410_img_8223.jpg	2019-07-18T14:10:36Z	889	2019-07-18T14:10:51Z	7.896716	46.109409	2882.99	15
../photo/technical/20190718_d05_1410_img_8228.jpg	20190718_d05_1410_img_8228.jpg	2019-07-18T14:10:59Z	889	2019-07-18T14:10:51Z	7.896716	46.109409	2882.99	8
../photo/technical/20190718_d05_1418__mg_5694.jpg	20190718_d05_1418__mg_5694.jpg	2019-07-18T14:18:04Z	892	2019-07-18T14:18:51Z	7.896717	46.10949	2886.61	47
../photo/technical/20190718_d05_1418__mg_5695.jpg	20190718_d05_1418__mg_5695.jpg	2019-07-18T14:18:10Z	892	2019-07-18T14:18:51Z	7.896717	46.10949	2886.61	41
../photo/technical/20190718_d05_1423__mg_5696.jpg	20190718_d05_1423__mg_5696.jpg	2019-07-18T14:23:10Z	893	2019-07-18T14:20:51Z	7.896672	46.109488	2889.26	139
../photo/technical/20190718_d05_1435__mg_5698.jpg	20190718_d05_1435__mg_5698.jpg	2019-07-18T14:35:15Z	895	2019-07-18T14:36:51Z	7.896582	46.109416	2897.57	96
../photo/technical/20190718_d05_1443__mg_5699.jpg	20190718_d05_1443__mg_5699.jpg	2019-07-18T14:43:17Z	897	2019-07-18T14:42:51Z	7.896488	46.109374	2907.67	26
../photo/technical/20190718_d05_1449__mg_5703.jpg	20190718_d05_1449__mg_5703.jpg	2019-07-18T14:49:53Z	900	2019-07-18T14:50:51Z	7.896167	46.109305	2920.4	58
../photo/technical/20190718_d05_1513__mg_5705.jpg	20190718_d05_1513__mg_5705.jpg	2019-07-18T15:13:13Z	906	2019-07-18T15:10:51Z	7.895108	46.109239	2970.34	142
../photo/technical/20190718_d05_1513__mg_5711.jpg	20190718_d05_1513__mg_5711.jpg	2019-07-18T15:13:53Z	907	2019-07-18T15:16:51Z	7.894981	46.109239	2982.45	178
../photo/technical/20190718_d05_1614__mg_5725.jpg	20190718_d05_1614__mg_5725.jpg	2019-07-18T16:14:09Z	928	2019-07-18T16:14:51Z	7.89281	46.10922	3096.68	42
../photo/technical/20190718_d05_1706__mg_5732.jpg	20190718_d05_1706__mg_5732.jpg	2019-07-18T17:06:29Z	947	2019-07-18T17:06:51Z	7.890167	46.109486	3270.63	22
../photo/technical/20190719_d06_0602_img_8338.jpg	20190719_d06_0602_img_8338.jpg	2019-07-19T06:02:49Z	954	2019-07-19T07:43:42Z	7.888896	46.109394	3329.41	6053
../photo/technical/20190719_d06_0727__mg_5748.jpg	20190719_d06_0727__mg_5748.jpg	2019-07-19T07:27:01Z	954	2019-07-19T07:43:42Z	7.888896	46.109394	3329.41	1001
../photo/technical/20190719_d06_0731__mg_5750.jpg	20190719_d06_0731__mg_5750.jpg	2019-07-19T07:31:38Z	954	2019-07-19T07:43:42Z	7.888896	46.109394	3329.41	724
../photo/technical/20190719_d06_0741__mg_5751.jpg	20190719_d06_0741__mg_5751.jpg	2019-07-19T07:41:11Z	954	2019-07-19T07:43:42Z	7.888896	46.109394	3329.41	151
../photo/technical/20190719_d06_0741__mg_5753.jpg	20190719_d06_0741__mg_5753.jpg	2019-07-19T07:41:03Z	954	2019-07-19T07:43:42Z	7.888896	46.109394	3329.41	159
../photo/technical/20190719_d06_0741__mg_5756.jpg	20190719_d06_0741__mg_5756.jpg	2019-07-19T07:41:27Z	954	2019-07-19T07:43:42Z	7.888896	46.109394	3329.41	135
../photo/technical/20190719_d06_0743__mg_5759.jpg	20190719_d06_0743__mg_5759.jpg	2019-07-19T07:43:06Z	954	2019-07-19T07:43:42Z	7.888896	46.109394	3329.41	36
../photo/technical/20190719_d06_0743__mg_5775.jpg	20190719_d06_0743__mg_5775.jpg	2019-07-19T07:43:42Z	954	2019-07-19T07:43:42Z	7.888896	46.109394	3329.41	0
../photo/technical/20190719_d06_0749_img_8340.jpg	20190719_d06_0749_img_8340.jpg	2019-07-19T07:49:32Z	956	2019-07-19T07:50:19Z	7.888794	46.109443	3375.25	47
../photo/technical/20190719_d06_0751_img_8341.jpg	20190719_d06_0751_img_8341.jpg	2019-07-19T07:51:17Z	956	2019-07-19T07:50:19Z	7.888794	46.109443	3375.25	58
../photo/technical/20190719_d06_0755__mg_5781.jpg	20190719_d06_0755__mg_5781.jpg	2019-07-19T07:55:07Z	957	2019-07-19T07:54:19Z	7.888677	46.109499	3345.25	48
../photo/technical/20190719_d06_0803__mg_5785.jpg	20190719_d06_0803__mg_5785.jpg	2019-07-19T08:03:35Z	962	2019-07-19T08:04:19Z	7.887083	46.109831	3397.72	44
../photo/technical/20190719_d06_0831__mg_5810.jpg	20190719_d06_0831__mg_5810.jpg	2019-07-19T08:31:47Z	976	2019-07-19T08:32:19Z	7.88514	46.110105	3483.87	32
../photo/technical/20190719_d06_0912__mg_5812.jpg	20190719_d06_0912__mg_5812.jpg	2019-07-19T09:12:53Z	991	2019-07-19T09:20:19Z	7.883197	46.110159	3573.32	446
../photo/technical/20190719_d06_0936__mg_5817.jpg	20190719_d06_0936__mg_5817.jpg	2019-07-19T09:36:46Z	997	2019-07-19T09:36:19Z	7.882349	46.110139	3578.83	27
../photo/technical/20190719_d06_0951_img_8394.jpg	20190719_d06_0951_img_8394.jpg	2019-07-19T09:51:57Z	1005	2019-07-19T09:52:19Z	7.87661	46.112603	3619.58	22
../photo/technical/20190719_d06_1038_img_8417.jpg	20190719_d06_1038_img_8417.jpg	2019-07-19T10:38:16Z	1027	2019-07-19T10:38:19Z	7.875719	46.115935	3767.79	3
../photo/technical/20190719_d06_1110_img_8429.jpg	20190719_d06_1110_img_8429.jpg	2019-07-19T11:10:29Z	1042	2019-07-19T11:10:19Z	7.873511	46.115802	3840.83	10
../photo/technical/20190719_d06_1116_img_8436.jpg	20190719_d06_1116_img_8436.jpg	2019-07-19T11:16:31Z	1045	2019-07-19T11:16:19Z	7.873162	46.115884	3857.46	12
../photo/technical/20190719_d06_1125_img_8461_1.jpg	20190719_d06_1125_img_8461_1.jpg	2019-07-19T11:25:38Z	1049	2019-07-19T11:26:19Z	7.873261	46.116205	3848.86	41
../photo/technical/20190719_d06_1130_img_8463.jpg	20190719_d06_1130_img_8463.jpg	2019-07-19T11:30:58Z	1051	2019-07-19T11:30:19Z	7.873492	46.116335	3844.12	39
../photo/technical/20190719_d06_1202__mg_5849.jpg	20190719_d06_1202__mg_5849.jpg	2019-07-19T12:02:10Z	1065	2019-07-19T12:02:19Z	7.876297	46.117667	3917.19	9
../photo/technical/20190719_d06_1202__mg_5856.jpg	20190719_d06_1202__mg_5856.jpg	2019-07-19T12:02:51Z	1065	2019-07-19T12:02:19Z	7.876297	46.117667	3917.19	32
../photo/technical/20190719_d06_1202_img_8479.jpg	20190719_d06_1202_img_8479.jpg	2019-07-19T12:02:02Z	1065	2019-07-19T12:02:19Z	7.876297	46.117667	3917.19	17
../photo/technical/20190719_d06_1205__mg_5875.jpg	20190719_d06_1205__mg_5875.jpg	2019-07-19T12:05:37Z	1066	2019-07-19T12:06:19Z	7.876636	46.117733	3921.53	42
../photo/technical/20190719_d06_1206__mg_5876.jpg	20190719_d06_1206__mg_5876.jpg	2019-07-19T12:06:36Z	1066	2019-07-19T12:06:19Z	7.876636	46.117733	3921.53	17
../photo/technical/20190719_d06_1212_img_8490.jpg	20190719_d06_1212_img_8490.jpg	2019-07-19T12:12:24Z	1066	2019-07-19T12:06:19Z	7.876636	46.117733	3921.53	365
../photo/technical/20190719_d06_1230__mg_5879.jpg	20190719_d06_1230__mg_5879.jpg	2019-07-19T12:30:56Z	1069	2019-07-19T12:30:19Z	7.876641	46.117761	3924.28	37
../photo/technical/20190719_d06_1231_img_8500.jpg	20190719_d06_1231_img_8500.jpg	2019-07-19T12:31:12Z	1069	2019-07-19T12:30:19Z	7.876641	46.117761	3924.28	53
../photo/technical/20190719_d06_1326__mg_5890.jpg	20190719_d06_1326__mg_5890.jpg	2019-07-19T13:26:41Z	1094	2019-07-19T13:26:19Z	7.874336	46.124337	3573.39	22
../photo/technical/20190719_d06_1328_img_8503.jpg	20190719_d06_1328_img_8503.jpg	2019-07-19T13:28:04Z	1095	2019-07-19T13:28:19Z	7.874229	46.124626	3566.62	15
../photo/technical/20190719_d06_1328_img_8510.jpg	20190719_d06_1328_img_8510.jpg	2019-07-19T13:28:35Z	1095	2019-07-19T13:28:19Z	7.874229	46.124626	3566.62	16
../photo/technical/20190719_d06_1409_img_8539.jpg	20190719_d06_1409_img_8539.jpg	2019-07-19T14:09:10Z	1112	2019-07-19T14:08:19Z	7.867693	46.134242	3408.33	51
../photo/technical/20190719_d06_1411__mg_5894.jpg	20190719_d06_1411__mg_5894.jpg	2019-07-19T14:11:17Z	1113	2019-07-19T14:10:19Z	7.867923	46.13493	3394.56	58
../photo/technical/20190719_d06_1424__mg_5897.jpg	20190719_d06_1424__mg_5897.jpg	2019-07-19T14:24:44Z	1120	2019-07-19T14:24:19Z	7.867092	46.136623	3304.1	25
../photo/technical/20190719_d06_1448__mg_5899.jpg	20190719_d06_1448__mg_5899.jpg	2019-07-19T14:48:57Z	1131	2019-07-19T14:48:19Z	7.865642	46.139644	3222.37	38
../photo/technical/20190719_d06_1449__mg_5900.jpg	20190719_d06_1449__mg_5900.jpg	2019-07-19T14:49:00Z	1131	2019-07-19T14:48:19Z	7.865642	46.139644	3222.37	41
../photo/technical/20190719_d06_1658_img_8550.jpg	20190719_d06_1658_img_8550.jpg	2019-07-19T16:58:54Z	1144	2019-07-19T16:58:19Z	7.863377	46.14163	3156.86	35
../photo/technical/20190719_d06_1659_img_8551.jpg	20190719_d06_1659_img_8551.jpg	2019-07-19T16:59:03Z	1144	2019-07-19T16:58:19Z	7.863377	46.14163	3156.86	44
../photo/technical/20190719_d06_1712__mg_5910.jpg	20190719_d06_1712__mg_5910.jpg	2019-07-19T17:12:14Z	1151	2019-07-19T17:12:19Z	7.857686	46.14133	3041.4	5
../photo/technical/20190719_d06_1715_img_8557.jpg	20190719_d06_1715_img_8557.jpg	2019-07-19T17:15:53Z	1152	2019-07-19T17:16:19Z	7.857687	46.14133	3042.22	26
../photo/technical/20190719_d06_1843__mg_5919.jpg	20190719_d06_1843__mg_5919.jpg	2019-07-19T18:43:08Z	1158	2019-07-19T18:04:19Z	7.856474	46.14139	3035.2	2329
../photo/technical/20190719_d06_1854__mg_5926.jpg	20190719_d06_1854__mg_5926.jpg	2019-07-19T18:54:05Z	1158	2019-07-19T18:04:19Z	7.856474	46.14139	3035.2	2986
../photo/technical/20190719_d06_1854__mg_5929.jpg	20190719_d06_1854__mg_5929.jpg	2019-07-19T18:54:07Z	1158	2019-07-19T18:04:19Z	7.856474	46.14139	3035.2	2988
../photo/technical/20190720_d07_0859_img_8579.jpg	20190720_d07_0859_img_8579.jpg	2019-07-20T08:59:03Z	1166	2019-07-20T09:00:51Z	7.853359	46.143226	2943.72	108
../photo/technical/20190720_d07_0913__mg_5946.jpg	20190720_d07_0913__mg_5946.jpg	2019-07-20T09:13:01Z	1171	2019-07-20T09:12:51Z	7.849986	46.144213	2897.84	10
../photo/technical/20190720_d07_0914__mg_5952.jpg	20190720_d07_0914__mg_5952.jpg	2019-07-20T09:14:14Z	1171	2019-07-20T09:12:51Z	7.849986	46.144213	2897.84	83
../photo/technical/20190720_d07_0915__mg_5953.jpg	20190720_d07_0915__mg_5953.jpg	2019-07-20T09:15:04Z	1171	2019-07-20T09:12:51Z	7.849986	46.144213	2897.84	133
../photo/technical/20190720_d07_0915__mg_5954.jpg	20190720_d07_0915__mg_5954.jpg	2019-07-20T09:15:14Z	1171	2019-07-20T09:12:51Z	7.849986	46.144213	2897.84	143
../photo/technical/20190720_d07_0920__mg_5962.jpg	20190720_d07_0920__mg_5962.jpg	2019-07-20T09:20:26Z	1172	2019-07-20T09:22:51Z	7.850005	46.144225	2896.31	145
../photo/technical/20190720_d07_0923_img_8603.jpg	20190720_d07_0923_img_8603.jpg	2019-07-20T09:23:49Z	1172	2019-07-20T09:22:51Z	7.850005	46.144225	2896.31	58
../photo/technical/20190720_d07_0927_img_8613 panorama.jpg	20190720_d07_0927_img_8613 panorama.jpg	2019-07-20T09:27:28Z	1172	2019-07-20T09:22:51Z	7.850005	46.144225	2896.31	277
../photo/technical/20190720_d07_0930__mg_5967.jpg	20190720_d07_0930__mg_5967.jpg	2019-07-20T09:30:16Z	1173	2019-07-20T09:36:51Z	7.849995	46.144226	2896.18	395
../photo/technical/20190720_d07_0937__mg_5971.jpg	20190720_d07_0937__mg_5971.jpg	2019-07-20T09:37:09Z	1173	2019-07-20T09:36:51Z	7.849995	46.144226	2896.18	18
../photo/technical/20190720_d07_0938_img_8646.jpg	20190720_d07_0938_img_8646.jpg	2019-07-20T09:38:21Z	1174	2019-07-20T09:38:51Z	7.849999	46.144209	2896.46	30
../photo/technical/20190720_d07_0944__mg_5984.jpg	20190720_d07_0944__mg_5984.jpg	2019-07-20T09:44:29Z	1177	2019-07-20T09:44:51Z	7.849022	46.142897	2873.24	22
../photo/technical/20190720_d07_0944_img_8648.jpg	20190720_d07_0944_img_8648.jpg	2019-07-20T09:44:00Z	1177	2019-07-20T09:44:51Z	7.849022	46.142897	2873.24	51
../photo/technical/20190720_d07_0954__mg_5989.jpg	20190720_d07_0954__mg_5989.jpg	2019-07-20T09:54:42Z	1181	2019-07-20T09:54:51Z	7.847225	46.142021	2802.15	9
../photo/technical/20190720_d07_1006__mg_6001.jpg	20190720_d07_1006__mg_6001.jpg	2019-07-20T10:06:31Z	1186	2019-07-20T10:06:51Z	7.84566	46.141312	2741.91	20
../photo/technical/20190720_d07_1010_img_8695_1.jpg	20190720_d07_1010_img_8695_1.jpg	2019-07-20T10:10:47Z	1188	2019-07-20T10:10:51Z	7.84465	46.14062	2755.88	4
../photo/technical/20190720_d07_1054_img_8715.jpg	20190720_d07_1054_img_8715.jpg	2019-07-20T10:54:22Z	1206	2019-07-20T10:54:51Z	7.838052	46.142541	2705.49	29
../photo/technical/20190720_d07_1104_img_8728_1.jpg	20190720_d07_1104_img_8728_1.jpg	2019-07-20T11:04:12Z	1211	2019-07-20T11:04:51Z	7.834243	46.144945	2720.33	39
../photo/technical/20190720_d07_1127_img_8775.jpg	20190720_d07_1127_img_8775.jpg	2019-07-20T11:27:20Z	1218	2019-07-20T11:26:51Z	7.833847	46.146805	2723.01	29
../photo/technical/20190720_d07_1135__mg_6047.jpg	20190720_d07_1135__mg_6047.jpg	2019-07-20T11:35:50Z	1222	2019-07-20T11:36:51Z	7.830221	46.149681	2683.71	61
../photo/technical/20190720_d07_1138_img_8800.jpg	20190720_d07_1138_img_8800.jpg	2019-07-20T11:38:59Z	1223	2019-07-20T11:38:51Z	7.829651	46.150405	2684.47	8
../photo/technical/20190720_d07_1149_img_8825_1.jpg	20190720_d07_1149_img_8825_1.jpg	2019-07-20T11:49:30Z	1228	2019-07-20T11:48:51Z	7.826877	46.153325	2674.85	39
../photo/technical/20190720_d07_1200_img_8835.jpg	20190720_d07_1200_img_8835.jpg	2019-07-20T12:00:48Z	1230	2019-07-20T12:02:51Z	7.826866	46.153312	2672.44	123
../photo/technical/20190720_d07_1202_img_8836.jpg	20190720_d07_1202_img_8836.jpg	2019-07-20T12:02:02Z	1230	2019-07-20T12:02:51Z	7.826866	46.153312	2672.44	49
../photo/technical/20190720_d07_1207_img_8845.jpg	20190720_d07_1207_img_8845.jpg	2019-07-20T12:07:33Z	1232	2019-07-20T12:06:51Z	7.826877	46.153335	2673.44	42
../photo/technical/20190720_d07_1212_img_8848.jpg	20190720_d07_1212_img_8848.jpg	2019-07-20T12:12:59Z	1235	2019-07-20T12:12:51Z	7.824795	46.154851	2621.05	8
../photo/technical/20190720_d07_1213__mg_6099.jpg	20190720_d07_1213__mg_6099.jpg	2019-07-20T12:13:56Z	1236	2019-07-20T12:14:51Z	7.824586	46.154898	2605.03	55
../photo/technical/20190720_d07_1238_img_8871.jpg	20190720_d07_1238_img_8871.jpg	2019-07-20T12:38:36Z	1246	2019-07-20T12:38:51Z	7.825108	46.159347	2501.6	15
../photo/technical/20190720_d07_1246__mg_6113.jpg	20190720_d07_1246__mg_6113.jpg	2019-07-20T12:46:56Z	1249	2019-07-20T12:48:51Z	7.824866	46.160358	2474.42	115
../photo/technical/20190720_d07_1247__mg_6114.jpg	20190720_d07_1247__mg_6114.jpg	2019-07-20T12:47:08Z	1249	2019-07-20T12:48:51Z	7.824866	46.160358	2474.42	103
../photo/technical/20190720_d07_1247__mg_6117.jpg	20190720_d07_1247__mg_6117.jpg	2019-07-20T12:47:15Z	1249	2019-07-20T12:48:51Z	7.824866	46.160358	2474.42	96
../photo/technical/20190720_d07_1259_img_8902.jpg	20190720_d07_1259_img_8902.jpg	2019-07-20T12:59:26Z	1253	2019-07-20T12:58:51Z	7.822516	46.162468	2400.46	35
../photo/technical/20190720_d07_1627__mg_6140.jpg	20190720_d07_1627__mg_6140.jpg	2019-07-20T16:27:10Z	1286	2019-07-20T16:26:51Z	7.82361	46.171509	1697.46	19
../photo/technical/20190720_d07_1629__mg_6143.jpg	20190720_d07_1629__mg_6143.jpg	2019-07-20T16:29:47Z	1287	2019-07-20T16:28:51Z	7.822747	46.172088	1675.15	56
../photo/technical/20190720_d07_1756_img_8945.jpg	20190720_d07_1756_img_8945.jpg	2019-07-20T17:56:35Z	1322	2019-07-20T17:56:51Z	7.802821	46.154095	1557.42	16
../photo/technical/20190720_d07_1800__mg_6152.jpg	20190720_d07_1800__mg_6152.jpg	2019-07-20T18:00:17Z	1324	2019-07-20T18:00:51Z	7.802748	46.153972	1561.82	34
../photo/technical/20190720_d07_1835_img_8950.jpg	20190720_d07_1835_img_8950.jpg	2019-07-20T18:35:05Z	1338	2019-07-20T18:32:51Z	7.801521	46.148962	1621.96	134
../photo/technical/20190720_d07_1937_img_8969.jpg	20190720_d07_1937_img_8969.jpg	2019-07-20T19:37:36Z	1360	2019-07-20T19:36:51Z	7.797388	46.143183	1624.81	45
../photo/technical/20190720_d07_1945__mg_6174.jpg	20190720_d07_1945__mg_6174.jpg	2019-07-20T19:45:11Z	1363	2019-07-20T19:46:51Z	7.79779	46.140376	1541.2	100
../photo/technical/20190720_d07_2030__mg_6212.jpg	20190720_d07_2030__mg_6212.jpg	2019-07-20T20:30:37Z	1381	2019-07-20T20:30:51Z	7.791861	46.133265	1280.42	14
../photo/technical/20190722_d09_0841__mg_6279.jpg	20190722_d09_0841__mg_6279.jpg	2019-07-22T08:41:28Z	1427	2019-07-22T08:41:42Z	7.74278	46.014937	1634.1	14
../photo/technical/20190722_d09_0857__mg_6307.jpg	20190722_d09_0857__mg_6307.jpg	2019-07-22T08:57:46Z	1435	2019-07-22T08:57:42Z	7.714718	45.994557	2416.66	4
../photo/technical/20190722_d09_0932_img_9072.jpg	20190722_d09_0932_img_9072.jpg	2019-07-22T09:32:39Z	1448	2019-07-22T09:33:35Z	7.722991	45.96977	2935.29	56
../photo/technical/20190722_d09_0949__mg_6314.jpg	20190722_d09_0949__mg_6314.jpg	2019-07-22T09:49:53Z	1456	2019-07-22T09:49:35Z	7.724582	45.965425	3028.37	18
../photo/technical/20190722_d09_0953__mg_6318.jpg	20190722_d09_0953__mg_6318.jpg	2019-07-22T09:53:41Z	1458	2019-07-22T09:53:35Z	7.724697	45.964241	3039.38	6
../photo/technical/20190722_d09_1008__mg_6332.jpg	20190722_d09_1008__mg_6332.jpg	2019-07-22T10:08:41Z	1465	2019-07-22T10:09:35Z	7.72434	45.963383	3047.12	54
../photo/technical/20190722_d09_1012__mg_6336.jpg	20190722_d09_1012__mg_6336.jpg	2019-07-22T10:12:36Z	1467	2019-07-22T10:13:35Z	7.723015	45.962149	3066.29	59
../photo/technical/20190722_d09_1021__mg_6340.jpg	20190722_d09_1021__mg_6340.jpg	2019-07-22T10:21:47Z	1471	2019-07-22T10:21:35Z	7.719803	45.959555	3085.71	12
../photo/technical/20190722_d09_1026__mg_6346.jpg	20190722_d09_1026__mg_6346.jpg	2019-07-22T10:26:20Z	1473	2019-07-22T10:25:35Z	7.719384	45.958801	3100.74	45
../photo/technical/20190722_d09_1036_img_9086_1.jpg	20190722_d09_1036_img_9086_1.jpg	2019-07-22T10:36:24Z	1477	2019-07-22T10:35:35Z	7.719541	45.958579	3104.96	49
../photo/technical/20190722_d09_1057__mg_6359.jpg	20190722_d09_1057__mg_6359.jpg	2019-07-22T10:57:42Z	1488	2019-07-22T10:57:35Z	7.71594	45.953168	3147.91	7
../photo/technical/20190722_d09_1245__mg_6382.jpg	20190722_d09_1245__mg_6382.jpg	2019-07-22T12:45:21Z	1535	2019-07-22T12:43:35Z	7.71924	45.93429	3460.53	106
../photo/technical/20190722_d09_1322__mg_6398.jpg	20190722_d09_1322__mg_6398.jpg	2019-07-22T13:22:16Z	1550	2019-07-22T13:21:35Z	7.721578	45.929745	3565.74	41
../photo/technical/20190722_d09_1346__mg_6402.jpg	20190722_d09_1346__mg_6402.jpg	2019-07-22T13:46:12Z	1562	2019-07-22T13:45:35Z	7.72269	45.928238	3611.33	37
../photo/technical/20190722_d09_1401_img_9116.jpg	20190722_d09_1401_img_9116.jpg	2019-07-22T14:01:28Z	1570	2019-07-22T14:01:35Z	7.724825	45.929604	3670.51	7
../photo/technical/20190722_d09_1634_img_9132_1.jpg	20190722_d09_1634_img_9132_1.jpg	2019-07-22T16:34:13Z	1592	2019-07-22T16:33:35Z	7.72957	45.932131	3767.04	38
../photo/technical/20190722_d09_1634_img_9132.jpg	20190722_d09_1634_img_9132.jpg	2019-07-22T16:34:13Z	1592	2019-07-22T16:33:35Z	7.72957	45.932131	3767.04	38
../photo/technical/20190722_d09_1647__mg_6430.jpg	20190722_d09_1647__mg_6430.jpg	2019-07-22T16:47:02Z	1599	2019-07-22T16:47:35Z	7.736497	45.931687	3796.82	33
../photo/technical/20190722_d09_1759__mg_6443.jpg	20190722_d09_1759__mg_6443.jpg	2019-07-22T17:59:46Z	1608	2019-07-22T17:37:45Z	7.74091	45.931944	3815.42	1321
../photo/technical/20190723_d10_0612__mg_6452.jpg	20190723_d10_0612__mg_6452.jpg	2019-07-23T06:12:22Z	1609	2019-07-23T10:34:16Z	7.74088	45.931905	3810.28	15714
../photo/technical/20190723_d10_0644__mg_6467.jpg	20190723_d10_0644__mg_6467.jpg	2019-07-23T06:44:09Z	1609	2019-07-23T10:34:16Z	7.74088	45.931905	3810.28	13807
../photo/technical/20190723_d10_0659_img_9186.jpg	20190723_d10_0659_img_9186.jpg	2019-07-23T06:59:28Z	1609	2019-07-23T10:34:16Z	7.74088	45.931905	3810.28	12888
../photo/technical/20190723_d10_0700_img_9191.jpg	20190723_d10_0700_img_9191.jpg	2019-07-23T07:00:00Z	1609	2019-07-23T10:34:16Z	7.74088	45.931905	3810.28	12856
../photo/technical/20190723_d10_0711_img_9195.jpg	20190723_d10_0711_img_9195.jpg	2019-07-23T07:11:30Z	1609	2019-07-23T10:34:16Z	7.74088	45.931905	3810.28	12166
../photo/technical/20190723_d10_0714__mg_6478.jpg	20190723_d10_0714__mg_6478.jpg	2019-07-23T07:14:27Z	1609	2019-07-23T10:34:16Z	7.74088	45.931905	3810.28	11989
../photo/technical/20190723_d10_0714__mg_6479.jpg	20190723_d10_0714__mg_6479.jpg	2019-07-23T07:14:34Z	1609	2019-07-23T10:34:16Z	7.74088	45.931905	3810.28	11982
../photo/technical/20190723_d10_0714_img_9212.jpg	20190723_d10_0714_img_9212.jpg	2019-07-23T07:14:42Z	1609	2019-07-23T10:34:16Z	7.74088	45.931905	3810.28	11974
../photo/technical/20190723_d10_0719__mg_6506.jpg	20190723_d10_0719__mg_6506.jpg	2019-07-23T07:19:06Z	1609	2019-07-23T10:34:16Z	7.74088	45.931905	3810.28	11710
../photo/technical/20190723_d10_0720_img_9228.jpg	20190723_d10_0720_img_9228.jpg	2019-07-23T07:20:45Z	1609	2019-07-23T10:34:16Z	7.74088	45.931905	3810.28	11611
../photo/technical/20190723_d10_0721__mg_6508.jpg	20190723_d10_0721__mg_6508.jpg	2019-07-23T07:21:56Z	1609	2019-07-23T10:34:16Z	7.74088	45.931905	3810.28	11540
../photo/technical/20190723_d10_0721__mg_6509.jpg	20190723_d10_0721__mg_6509.jpg	2019-07-23T07:21:59Z	1609	2019-07-23T10:34:16Z	7.74088	45.931905	3810.28	11537
../photo/technical/20190723_d10_0722__mg_6511.jpg	20190723_d10_0722__mg_6511.jpg	2019-07-23T07:22:05Z	1609	2019-07-23T10:34:16Z	7.74088	45.931905	3810.28	11531
../photo/technical/20190723_d10_0726__mg_6523.jpg	20190723_d10_0726__mg_6523.jpg	2019-07-23T07:26:58Z	1609	2019-07-23T10:34:16Z	7.74088	45.931905	3810.28	11238
../photo/technical/20190723_d10_1014__mg_6535.jpg	20190723_d10_1014__mg_6535.jpg	2019-07-23T10:14:38Z	1609	2019-07-23T10:34:16Z	7.74088	45.931905	3810.28	1178
../photo/technical/20190723_d10_1048__mg_6538.jpg	20190723_d10_1048__mg_6538.jpg	2019-07-23T10:48:19Z	1614	2019-07-23T10:48:16Z	7.744828	45.933015	3824.75	3
../photo/technical/20190723_d10_1048__mg_6539.jpg	20190723_d10_1048__mg_6539.jpg	2019-07-23T10:48:22Z	1614	2019-07-23T10:48:16Z	7.744828	45.933015	3824.75	6
../photo/technical/20190723_d10_1048__mg_6545.jpg	20190723_d10_1048__mg_6545.jpg	2019-07-23T10:48:37Z	1614	2019-07-23T10:48:16Z	7.744828	45.933015	3824.75	21
../photo/technical/20190723_d10_1114_img_9276.jpg	20190723_d10_1114_img_9276.jpg	2019-07-23T11:14:17Z	1626	2019-07-23T11:14:16Z	7.752852	45.933849	3761.8	1
../photo/technical/20190723_d10_1117_img_9280_1.jpg	20190723_d10_1117_img_9280_1.jpg	2019-07-23T11:17:32Z	1628	2019-07-23T11:18:16Z	7.75394	45.933534	3753.33	44
../photo/technical/20190723_d10_1118__mg_6562.jpg	20190723_d10_1118__mg_6562.jpg	2019-07-23T11:18:59Z	1628	2019-07-23T11:18:16Z	7.75394	45.933534	3753.33	43
../photo/technical/20190723_d10_1223_img_9283.jpg	20190723_d10_1223_img_9283.jpg	2019-07-23T12:23:18Z	1659	2019-07-23T12:24:16Z	7.778091	45.925765	3771.15	58
../photo/technical/20190723_d10_1301__mg_6600.jpg	20190723_d10_1301__mg_6600.jpg	2019-07-23T13:01:57Z	1669	2019-07-23T13:02:16Z	7.780236	45.923784	3721.29	19
../photo/technical/20190723_d10_1351_img_9306.jpg	20190723_d10_1351_img_9306.jpg	2019-07-23T13:51:59Z	1682	2019-07-23T13:56:16Z	7.767244	45.920682	3413.51	257
../photo/technical/20190723_d10_1448__mg_6623.jpg	20190723_d10_1448__mg_6623.jpg	2019-07-23T14:48:25Z	1687	2019-07-23T14:46:16Z	7.767295	45.920245	3378.5	129
../photo/technical/20190723_d10_1451_img_9323_1.jpg	20190723_d10_1451_img_9323_1.jpg	2019-07-23T14:51:15Z	1688	2019-07-23T14:52:16Z	7.767253	45.919855	3340.47	61
../photo/technical/20190723_d10_1504__mg_6627.jpg	20190723_d10_1504__mg_6627.jpg	2019-07-23T15:04:31Z	1694	2019-07-23T15:04:16Z	7.764993	45.919782	3239.09	15
../photo/technical/20190723_d10_1511__mg_6633.jpg	20190723_d10_1511__mg_6633.jpg	2019-07-23T15:11:43Z	1698	2019-07-23T15:12:16Z	7.7622	45.917713	3190.28	33
../photo/technical/20190723_d10_1523_img_9348.jpg	20190723_d10_1523_img_9348.jpg	2019-07-23T15:23:32Z	1701	2019-07-23T15:24:16Z	7.762186	45.917715	3183.53	44
../photo/technical/20190723_d10_1540_img_9359.jpg	20190723_d10_1540_img_9359.jpg	2019-07-23T15:40:33Z	1708	2019-07-23T15:40:16Z	7.760605	45.915425	3076.18	17
../photo/technical/20190723_d10_1544__mg_6654.jpg	20190723_d10_1544__mg_6654.jpg	2019-07-23T15:44:17Z	1710	2019-07-23T15:44:16Z	7.759351	45.913863	3029.4	1
../photo/technical/20190723_d10_1610__mg_6667.jpg	20190723_d10_1610__mg_6667.jpg	2019-07-23T16:10:13Z	1718	2019-07-23T16:10:16Z	7.757691	45.9117	2916.25	3
../photo/technical/20190723_d10_1623__mg_6684.jpg	20190723_d10_1623__mg_6684.jpg	2019-07-23T16:23:09Z	1724	2019-07-23T16:22:16Z	7.757678	45.906888	2775.22	53
../photo/technical/20190723_d10_2016__mg_6753.jpg	20190723_d10_2016__mg_6753.jpg	2019-07-23T20:16:40Z	1729	2019-07-23T16:32:30Z	7.759946	45.906251	2744.25	13450
../photo/technical/20190723_d10_2017_img_9413.jpg	20190723_d10_2017_img_9413.jpg	2019-07-23T20:17:09Z	1729	2019-07-23T16:32:30Z	7.759946	45.906251	2744.25	13479
../photo/technical/20190724_d11_0847_img_9434.jpg	20190724_d11_0847_img_9434.jpg	2019-07-24T08:47:04Z	1744	2019-07-24T08:46:33Z	7.756339	45.899111	2547.06	31
../photo/technical/20190724_d11_0913__mg_6825.jpg	20190724_d11_0913__mg_6825.jpg	2019-07-24T09:13:02Z	1757	2019-07-24T09:12:33Z	7.749564	45.889361	2297.55	29
../photo/technical/20190724_d11_0919__mg_6838.jpg	20190724_d11_0919__mg_6838.jpg	2019-07-24T09:19:30Z	1759	2019-07-24T09:18:33Z	7.749546	45.88935	2294.48	57
../photo/technical/20190724_d11_0936__mg_6839.jpg	20190724_d11_0936__mg_6839.jpg	2019-07-24T09:36:58Z	1767	2019-07-24T09:36:33Z	7.74458	45.886597	2193.57	25
../photo/technical/20190724_d11_0943_img_9458.jpg	20190724_d11_0943_img_9458.jpg	2019-07-24T09:43:39Z	1771	2019-07-24T09:44:33Z	7.739786	45.885245	2099.4	54
../photo/technical/20190724_d11_1047__mg_6875.jpg	20190724_d11_1047__mg_6875.jpg	2019-07-24T10:47:14Z	1783	2019-07-24T10:47:45Z	7.735603	45.875857	2069.92	31
../photo/technical/20190724_d11_1123__mg_6884.jpg	20190724_d11_1123__mg_6884.jpg	2019-07-24T11:23:44Z	1799	2019-07-24T11:21:45Z	7.729011	45.867574	1803.83	119
../photo/technical/20190724_d11_1505__mg_6916.jpg	20190724_d11_1505__mg_6916.jpg	2019-07-24T15:05:52Z	1820	2019-07-24T15:01:46Z	7.71849	45.864337	1988.26	246
../photo/technical/20190724_d11_1517_img_9498.jpg	20190724_d11_1517_img_9498.jpg	2019-07-24T15:17:28Z	1822	2019-07-24T15:19:46Z	7.71623	45.862828	2079.22	138
../photo/technical/20190724_d11_1523__mg_6917.jpg	20190724_d11_1523__mg_6917.jpg	2019-07-24T15:23:42Z	1824	2019-07-24T15:23:46Z	7.71618	45.86288	2083.42	4
../photo/technical/20190724_d11_1616__mg_6926.jpg	20190724_d11_1616__mg_6926.jpg	2019-07-24T16:16:43Z	1845	2019-07-24T16:17:46Z	7.710914	45.863543	2341.13	63
../photo/technical/20190724_d11_1734__mg_6930.jpg	20190724_d11_1734__mg_6930.jpg	2019-07-24T17:34:16Z	1869	2019-07-24T17:33:46Z	7.704105	45.863638	2612.46	30
../photo/technical/20190724_d11_1734__mg_6936.jpg	20190724_d11_1734__mg_6936.jpg	2019-07-24T17:34:39Z	1869	2019-07-24T17:33:46Z	7.704105	45.863638	2612.46	53
../photo/technical/20190724_d11_1735__mg_6932.jpg	20190724_d11_1735__mg_6932.jpg	2019-07-24T17:35:02Z	1869	2019-07-24T17:33:46Z	7.704105	45.863638	2612.46	76
../photo/technical/20190724_d11_1744_img_9531.jpg	20190724_d11_1744_img_9531.jpg	2019-07-24T17:44:15Z	1871	2019-07-24T17:43:46Z	7.704059	45.863796	2625.74	29
../photo/technical/20190724_d11_1745_img_9533.jpg	20190724_d11_1745_img_9533.jpg	2019-07-24T17:45:37Z	1871	2019-07-24T17:43:46Z	7.704059	45.863796	2625.74	111
../photo/technical/20190724_d11_1749_img_9543_1.jpg	20190724_d11_1749_img_9543_1.jpg	2019-07-24T17:49:03Z	1871	2019-07-24T17:43:46Z	7.704059	45.863796	2625.74	317
../photo/technical/20190724_d11_1749_img_9545.jpg	20190724_d11_1749_img_9545.jpg	2019-07-24T17:49:29Z	1871	2019-07-24T17:43:46Z	7.704059	45.863796	2625.74	343
../photo/technical/20190724_d11_1806__mg_6956.jpg	20190724_d11_1806__mg_6956.jpg	2019-07-24T18:06:43Z	1875	2019-07-24T18:05:46Z	7.704061	45.863835	2640.21	57
../photo/technical/20190724_d11_1810__mg_6961.jpg	20190724_d11_1810__mg_6961.jpg	2019-07-24T18:10:37Z	1877	2019-07-24T18:09:46Z	7.703453	45.863547	2610.3	51
../photo/technical/20190724_d11_1814__mg_6976.jpg	20190724_d11_1814__mg_6976.jpg	2019-07-24T18:14:00Z	1878	2019-07-24T18:11:46Z	7.702547	45.863771	2586.45	134
../photo/technical/20190725_d12_0844_img_9567.jpg	20190725_d12_0844_img_9567.jpg	2019-07-25T08:44:24Z	1885	2019-07-25T08:44:44Z	7.69948	45.862323	2619.95	20
../photo/technical/20190725_d12_0846__mg_6989.jpg	20190725_d12_0846__mg_6989.jpg	2019-07-25T08:46:35Z	1886	2019-07-25T08:46:44Z	7.698954	45.861607	2630.05	9
../photo/technical/20190725_d12_0901__mg_6991.jpg	20190725_d12_0901__mg_6991.jpg	2019-07-25T09:01:12Z	1893	2019-07-25T09:00:44Z	7.693772	45.858926	2555.37	28
../photo/technical/20190725_d12_0907_img_9576.jpg	20190725_d12_0907_img_9576.jpg	2019-07-25T09:07:38Z	1895	2019-07-25T09:04:44Z	7.693749	45.858914	2555.12	174
../photo/technical/20190725_d12_0932__mg_6996.jpg	20190725_d12_0932__mg_6996.jpg	2019-07-25T09:32:13Z	1906	2019-07-25T09:32:44Z	7.684711	45.858572	2640.26	31
../photo/technical/20190725_d12_0932__mg_7001.jpg	20190725_d12_0932__mg_7001.jpg	2019-07-25T09:32:23Z	1906	2019-07-25T09:32:44Z	7.684711	45.858572	2640.26	21
../photo/technical/20190725_d12_1000__mg_7002.jpg	20190725_d12_1000__mg_7002.jpg	2019-07-25T10:00:51Z	1919	2019-07-25T10:00:44Z	7.681799	45.855355	2742.36	7
../photo/technical/20190725_d12_1003__mg_7008.jpg	20190725_d12_1003__mg_7008.jpg	2019-07-25T10:03:41Z	1920	2019-07-25T10:02:44Z	7.681328	45.855046	2757.59	57
../photo/technical/20190725_d12_1041__mg_7015.jpg	20190725_d12_1041__mg_7015.jpg	2019-07-25T10:41:06Z	1923	2019-07-25T10:38:44Z	7.680184	45.85454	2773.1	142
../photo/technical/20190725_d12_1044_img_9599.jpg	20190725_d12_1044_img_9599.jpg	2019-07-25T10:44:32Z	1923	2019-07-25T10:38:44Z	7.680184	45.85454	2773.1	348
../photo/technical/20190725_d12_1045__mg_7020.jpg	20190725_d12_1045__mg_7020.jpg	2019-07-25T10:45:06Z	1923	2019-07-25T10:38:44Z	7.680184	45.85454	2773.1	382
../photo/technical/20190725_d12_1055__mg_7023.jpg	20190725_d12_1055__mg_7023.jpg	2019-07-25T10:55:55Z	1923	2019-07-25T10:38:44Z	7.680184	45.85454	2773.1	1031
../photo/technical/20190725_d12_1056__mg_7026.jpg	20190725_d12_1056__mg_7026.jpg	2019-07-25T10:56:29Z	1923	2019-07-25T10:38:44Z	7.680184	45.85454	2773.1	1065
../photo/technical/20190725_d12_1057__mg_7029.jpg	20190725_d12_1057__mg_7029.jpg	2019-07-25T10:57:05Z	1923	2019-07-25T10:38:44Z	7.680184	45.85454	2773.1	1101
../photo/technical/20190725_d12_1100_img_9632_1.jpg	20190725_d12_1100_img_9632_1.jpg	2019-07-25T11:00:35Z	1924	2019-07-25T11:20:44Z	7.680166	45.85455	2772.81	1209
../photo/technical/20190725_d12_1104_img_9642_1.jpg	20190725_d12_1104_img_9642_1.jpg	2019-07-25T11:04:20Z	1924	2019-07-25T11:20:44Z	7.680166	45.85455	2772.81	984
../photo/technical/20190725_d12_1109_img_9649.jpg	20190725_d12_1109_img_9649.jpg	2019-07-25T11:09:45Z	1924	2019-07-25T11:20:44Z	7.680166	45.85455	2772.81	659
../photo/technical/20190725_d12_1120__mg_7033.jpg	20190725_d12_1120__mg_7033.jpg	2019-07-25T11:20:33Z	1924	2019-07-25T11:20:44Z	7.680166	45.85455	2772.81	11
../photo/technical/20190725_d12_1202__mg_7034.jpg	20190725_d12_1202__mg_7034.jpg	2019-07-25T12:02:26Z	1929	2019-07-25T12:02:44Z	7.675214	45.852667	2681.26	18
../photo/technical/20190725_d12_1216_img_9661.jpg	20190725_d12_1216_img_9661.jpg	2019-07-25T12:16:42Z	1936	2019-07-25T12:16:44Z	7.666832	45.853548	2684.19	2
../photo/technical/20190725_d12_1217_img_9672_1.jpg	20190725_d12_1217_img_9672_1.jpg	2019-07-25T12:17:26Z	1936	2019-07-25T12:16:44Z	7.666832	45.853548	2684.19	42
../photo/technical/20190725_d12_1227__mg_7040.jpg	20190725_d12_1227__mg_7040.jpg	2019-07-25T12:27:17Z	1939	2019-07-25T12:24:44Z	7.6668519999999996	45.853546	2683.37	153
../photo/technical/20190725_d12_1346__mg_7043.jpg	20190725_d12_1346__mg_7043.jpg	2019-07-25T13:46:44Z	1969	2019-07-25T13:46:44Z	7.642214	45.864229	2126.58	0
../photo/technical/20190725_d12_1352__mg_7045.jpg	20190725_d12_1352__mg_7045.jpg	2019-07-25T13:52:39Z	1972	2019-07-25T13:52:44Z	7.637649	45.865612	2062.14	5
../photo/technical/20190725_d12_1447_img_9715.jpg	20190725_d12_1447_img_9715.jpg	2019-07-25T14:47:22Z	1994	2019-07-25T14:46:44Z	7.623557	45.867938	1544.48	38
